{"A": {"sensitivity": 72.46629659000793, "specificity": 98.03581202685989, "ppv": 28.655349751222982, "npv": 99.69517869622169, "mcc": 0.4470762838652197}, "B": {"sensitivity": 59.825535289452816, "specificity": 99.03917267783277, "ppv": 40.39985719385933, "npv": 99.56033617879547, "mcc": 0.48499949620567495}, "C": {"sensitivity": 65.46224495407799, "specificity": 97.91766411188797, "ppv": 27.376434600611788, "npv": 99.57882820348767, "mcc": 0.41333063101747475}}