{"cov_ae": 0.4875459754224667, "pos_test": 0.42874002696109953, "cov_pc": 0.48052623686642715}